protocol_id;category;system_trigger;system_findings;evidence;conclusion;reference_trigger;reference_note
протоколы вены нижних конечностей/нижние конечности (10).docx;протоколы вены нижних конечностей;1;Стенозирующий атеросклероз артерий [trigger];Они все проходимы, стенки с гиперэхогеными включениями ( КИМ на ОБА =1,1мм, структура его неоднородная ) кровоток в них магистрального типа (скоростные и спектральные характеристики кровотока в пределах нормы).Заключение: УЗ признаки начальных проявлений стенозирующего атеросклероза артерий нижних конечностей.;Заключение: УЗ признаки начальных проявлений стенозирующего атеросклероза артерий нижних конечностей. Данное заключение не является клиническим диагнозом! Рекомендуется консультация специалиста. Сохраняйте протоколы! Предъявляйте врачу для сравнения при последующих исследованиях.;;
протоколы вены нижних конечностей/нижние конечности (2).docx;протоколы вены нижних конечностей;1;"Стенозирующий атеросклероз артерий [trigger]; Стенозирующий атеросклероз артерий [negated]";ЗАКЛЮЧЕНИЕ: Данные за нестенозирующий атеросклероз. | В просвете сосудов определяются единичные пристеночные кальцинированные АСБ, без стеноза просвета.;ЗАКЛЮЧЕНИЕ: Данные за нестенозирующий атеросклероз. Данных за наличие значимых атеросклеротических бляшек не получено. *ДАННОЕ ЗАКЛЮЧЕНИЕ НЕ ЯВЛЯЕТСЯ ДИАГНОЗОМ, ОНО ДОЛЖНО БЫТЬ ИНТЕРПРЕТИРОВАНО ЛЕЧАЩИМ ВРАЧОМ. .;;
протоколы вены нижних конечностей/нижние конечности (3).docx;протоколы вены нижних конечностей;1;"Стенозирующий атеросклероз артерий [trigger]; Стенозирующий атеросклероз артерий [trigger]; Стенозирующий атеросклероз артерий [trigger]";На всем протяжении описанные артерии проходимы, стенозированы до | Стенка: уплотнена, диффузно утолщена, в просвете плоскостная а/с бляшка с пристеночными кальцинатами, неровными контурами, стенозирующая просвет до 50-55%. | Стенка: уплотнена, диффузно утолщена, в просвете плоскостная а/с бляшка с пристеночными кальцинатами, неровными контурами, стенозирующая просвет до 45%;Заключение: Атеросклероз сосудов нижних конечностей АС бляшки ( Справа: ОБА-50-55%, ПКА -40% пба -45% и кальцинированные включения по остальным сосудам до 20-25%.Слева :ОБА -45% ПБА -до 35% ЛПКА-40%, по остальным сосудам до 20-25%). Кровоток магистральный с достаточными скоростными показателями.;;
протоколы вены нижних конечностей/нижние конечности (4).docx;протоколы вены нижних конечностей;1;Варикозная болезнь / несостоятельность вен [trigger];Заключение : Проходимость глубоких и поверхностных вен сохранена .Варикозная трансформация хода левой БПВ.;Заключение : Проходимость глубоких и поверхностных вен сохранена .Варикозная трансформация хода левой БПВ.;;
протоколы вены нижних конечностей/нижние конечности (5).docx;протоколы вены нижних конечностей;1;"Тромбоз / окклюзия вен [negated]; Тромбоз / окклюзия вен [negated]; Варикозная болезнь / несостоятельность вен [trigger]; Варикозная болезнь / несостоятельность вен [trigger]";При проведении функциональных проб признаков клапанной недостаточности не выявлено.САФЕНО-ФЕМОРАЛЬНОЕ СОУСТЬЕ не расширено, сжимаемо до конца, без признаков тромбоза, | При проведении функциональных проб признаков клапанной недостаточности не выявлено.САФЕНО-ФЕМОРАЛЬНОЕ СОУСТЬЕ не расширено, сжимаемо до конца, без признаков тромбоза, остиальные клапаны достаточныБОЛЬШАЯ ПОДКОЖНАЯ ВЕНА диаметром в ;ЗАКЛЮЧЕНИЕ Проходимость глубоких, суральных, подкожных вен сохранена (признаков тромбоза не выявлено). Несостоятельность правого сафено-подколенного соустья (впадение МПВ в одну из суральных вен), стволовых клапанов правой МПВ, варикозная деформация притоковРЕКОМЕНДОВАНО: консультация флеболога.Исследование выполнено на аппарате Mindray DC-8 ( линейный датчик L12-3Е)Данное заключение не является д;;
протоколы вены нижних конечностей/нижние конечности (6).docx;протоколы вены нижних конечностей;1;"Стенозирующий атеросклероз артерий [trigger]; Стенозирующий атеросклероз артерий [trigger]; Стенозирующий атеросклероз артерий [trigger]";Стеноз 25-30% правой ОБА за счет гетерогенной АСБ. | Стенозы до 25-30% на протяжении правой ПБА, за счет гетерогенных АСБ средней эхогенности с элементами кальциноза, расположенной по передней и задней стенкам. | Стенозы до 25-30% на протяжении левой ПБА, за счет гетерогенных АСБ средней эхогенности с элементами кальциноза, расположенной по передней и задней стенкам.;Заключение: Признаки гемодинамически значимого атеросклероза артерий нижних конечностей с максимальным стенозом справа до 35-40 %, слева 40-45%. Окклюзия левой ЗББА. Без отрицательной динамики! Исследование проведено на аппарате « S40 Eхр» линейным датчиком 12 L-A (4-16МГц) Ультразвуковое исследование не является диагнозом. Необходима консультация специалиста;;
протоколы вены нижних конечностей/нижние конечности (7).docx;протоколы вены нижних конечностей;1;"Тромбоз / окклюзия вен [negated]; Варикозная болезнь / несостоятельность вен [trigger]";Данных за тромбоз поверхностных и глубоких вен нижних конечностей на момент исследования не получено. | Поверхностные вены: БПВ -ствол расширен более 6мм с варикозными притоками более 4мм, МПВ не расширена;Заключение: Несостоятельность ствола БПВ слева с варикозной трансформацией притоков и ствола. Данных за тромбоз поверхностных и глубоких вен нижних конечностей на момент исследования не получено.;;
протоколы вены нижних конечностей/нижние конечности (8).docx;протоколы вены нижних конечностей;1;"Тромбоз / окклюзия вен [negated]; Варикозная болезнь / несостоятельность вен [uncertain]; Стенозирующий атеросклероз артерий [uncertain]";СФС с обеих сторон состоятельно, не расширено.БПВ с обеих сторон состоятельна, не расширена.СПС с обеих сторон состоятельно, не расширено.МПВ с обеих сторон состоятельна, не расширена.Глубокие вены не расширены, проходимы.Данных за флеботромбоз и тромбофлебит на момент исследования не получено. | Основной: I83.9, Варикозное расширение вен нижних конечностей без язвы или воспаления, Выявлен впервые;заключение: Хроническое заболевание вен ног C1S Ep As Pr1 LII (справа), C1S Ep As Pr1 LII (слева).Даны следующие рекомендации:Режим - амбулаторныйДиета - рациональное питание1) Таб. Детралекс или Венарус (Диосмин+ Гесперидин) 1000 мг по 1т. 1 р/д утром, во время или после еды, в течение 2 месяцев. Повторять курс 2 р/год.2) Капс. Вессел Дуэ Ф 250 Ед по 2к 2 р/д в течение 2 недель.3) Компрессионный;;
протоколы вены нижних конечностей/нижние конечности (9).docx;протоколы вены нижних конечностей;1;"Стенозирующий атеросклероз артерий [trigger]; Стенозирующий атеросклероз артерий [trigger]";Стенозы 30-35%. | Стенозы 30-35%.;ЗАКЛЮЧЕНИЕ: Эхографические признаки стенозирующего атеросклероза магистральных артерий обеих нижних конечностей без децифита кровотока в дистальных отделах. Гемодинамически значимого поражения артерий голеней с двух сторон не выявлено, тыльные артерии стоп с двух сторон проходимы, стенозов не отмечено. Асимметрия кровотока в артериях голеней и в артериях тыла стопы (d<s), вероятно, обусловенная ар;;
протоколы Ж ОМТ/1 Ж ОМТ (1).docx;протоколы Ж ОМТ;1;"Образование/киста яичника [negated]; Образование/киста яичника [trigger]; Образование/киста яичника [trigger]";В ее проекции дополнительных образований не визуализируется. | Праровариально лоцируется анэхогенное однородное образование с четкими ровными контурами:12х11мм(киста) | ЗАКЛЮЧЕНИЕ: УЗ-признаки параовариальной кисты справа.;ЗАКЛЮЧЕНИЕ: УЗ-признаки параовариальной кисты справа. ORADS 2 справа ORADS 1 слева. Рекомендовано:консультация гинеколога. Данное заключение не является клиническим диагнозом и должно интерпретироваться лечащим врачом с учетом других медицинских данных.;;
протоколы Ж ОМТ/1 Ж ОМТ (10).docx;протоколы Ж ОМТ;1;"Изменения эндометрия [trigger]; Миоматозные узлы [trigger]; Образование/киста яичника [trigger]";Эхоструктура неоднородная . | УЗ признаки миомы матки , снижения овариального резерва яичников . | Основной: D26.1, Другие доброкачественные новообразования тела матки, Выявлен впервые, неуточнен;Заключение: УЗ признаки миомы матки , снижения овариального резерва яичников . Диагноз Основной: D26.1, Другие доброкачественные новообразования тела матки, Выявлен впервые, неуточнен;;
протоколы Ж ОМТ/1 Ж ОМТ (11).docx;протоколы Ж ОМТ;1;"Изменения эндометрия [trigger]; Изменения эндометрия [trigger]; Субмукозный миоматозный узел [trigger]; Миоматозные узлы [trigger]; Аденомиоз [trigger]; Образование/киста яичника [trigger]; Образование/киста яичника [trigger]; Изменения шейки матки (кисты, эндоцервикоз) [trigger]";Контур ровный, структура миометрия – неоднородная, диффузно, по передней стенке интерстициальные узлы 16х13 мм, 19х17 мм, в дне 27х24,0 мм, по задней стенке 20х16 мм, 16 мм, 10 мм. | ЗАКЛЮЧЕНИЕ: УЗ признаки Аденомиоза, миомы матки, кисты левого яичника, деформации полости матки, неоднородного эндометрия. | ЗАКЛЮЧЕНИЕ: УЗ признаки Аденомиоза, миомы матки, кисты левого яичника, деформации полости ма;ЗАКЛЮЧЕНИЕ: УЗ признаки Аденомиоза, миомы матки, кисты левого яичника, деформации полости матки, неоднородного эндометрия. Рекомендовано: консультация гинеколога. Уважаемые пациенты! Данные исследования не являются диагнозом. Интерпретацию результатов исследования и назначения проводит Ваш лечащий врач!;;
протоколы Ж ОМТ/1 Ж ОМТ (12).docx;протоколы Ж ОМТ;1;"Образование/киста яичника [trigger]; Изменения шейки матки (кисты, эндоцервикоз) [trigger]";Желтое тело в левом правом яичникеКисты шейки маткиНебольшой выпот в полости малого тазаДанное заключение | Желтое тело в левом правом яичникеКисты шейки маткиНебольшой выпот в полости малого тазаДанное заключение;Заключение: Желтое тело в левом правом яичникеКисты шейки маткиНебольшой выпот в полости малого тазаДанное заключение не является диагнозом и требует консультации клинического специалиста.Исследование выполнено на УЗ-сканере экспертного класса SONOSCAPE S40 EXP Transducer 6V3;;
протоколы Ж ОМТ/1 Ж ОМТ (13).docx;протоколы Ж ОМТ;1;"Изменения эндометрия [trigger]; Миоматозные узлы [trigger]";неоднородный, в области задней стенки матки интрамурально-субсерозный узел 37*28 мм (5 тип), в области левого ребра субсерозный узел 23*21 мм (6 тип) | Эхографические признаки миомы матки;Заключение: Эхографические признаки миомы матки Диагноз Основной: D25.1, Интрамуральная лейомиома матки, Обратился повторно Назначенные услуги Лабораторная диагностика Микроскопическое исследование мазка урогенитального тракта женщины: клеточный состав, микрофлора (до 3 локализаций) Скрининг рака шейки матки (ВПЧ;;
протоколы Ж ОМТ/1 Ж ОМТ (14).docx;протоколы Ж ОМТ;1;"Изменения миометрия [trigger]; Миоматозные узлы [trigger]; Образование/киста яичника [negated]; Образование/киста яичника [negated]";Диффузные изменения миометрия, миомы матки малых размеров без признаков роста. | Диффузные изменения миометрия, миомы матки малых размеров без признаков роста. | экранирован петлей кишечника.Патологических образований в области правых придатков не визуализируется. | экранирован петлей кишечника.Патологических образований в области левых придатков не визуализируется.;Заключение: Диффузные изменения миометрия, миомы матки малых размеров без признаков роста. Серозометра.Опущение матки 4 степени. Сонографическая картина соответствует менопаузе.Заключение узи не является диагнозом. Рекомендовано: консультация гинеколога.Исследование выполнено на ультразвуковом аппарате Esaote My Lab 70 датчиком EC1123 Показана консультация с;;
протоколы Ж ОМТ/1 Ж ОМТ (15).docx;протоколы Ж ОМТ;1;"Изменения эндометрия [trigger]; Эндометриоз [trigger]; Образование/киста яичника [trigger]; Образование/киста яичника [trigger]; Изменения шейки матки (кисты, эндоцервикоз) [trigger]; Изменения шейки матки (кисты, эндоцервикоз) [trigger]";Структура миометрия: диффузно- неоднородная за счет анэхогенных точечных включений пылевидно диффузно. | диффузной формы внутреннего эндометриоза тела матки на фоне ретроположения тела матки, | с тонкой среднеэхогенной гиповаскулярной капсулой и среднеэхогенной гиперваскулярной пленчатой неполной перегородкой ( серозная киста?) | мелкой кисты правого яичника с неполной перегородкой (серозная киста;ЗАКЛЮЧЕНИЕ: Ультразвуковые признаки мелких и крупных ретенционных (наботовых) кист шейки матки со взвесью (по типу хронического эндоцервицита), диффузной формы внутреннего эндометриоза тела матки на фоне ретроположения тела матки, тонкого линейного эндометрия , не соответствующего дню менструального цикла, мелкой кисты правого яичника с неполной перегородкой (серозная киста?), O-RADS 2 обедненного;;
протоколы Ж ОМТ/1 Ж ОМТ (16).docx;протоколы Ж ОМТ;1;"Миоматозные узлы [trigger]; Миоматозные узлы [trigger]; Образование/киста яичника [trigger]; Варикозное расширение вен малого таза [trigger]";Структура миометрия :однородная, по передней стенке субсерозный миоматозный узел 20 мм. | ЗАКЛЮЧЕНИЕ: Миома матки (без динамики от предыдущего узи). | ОБРАЗОВАНИЯ В ПОЛОСТИ МАЛОГО ТАЗА: нет | Варикозное расширение вен малого таза (до 8-9 мм);ЗАКЛЮЧЕНИЕ: Миома матки (без динамики от предыдущего узи). Афолликулярные яичники. Варикозное расширение вен малого таза (до 8-9 мм) РЕКОМЕНДОВАНО: наблюдение гинеколога Исследование проводилось на аппарате Sonoscape S4 Данное заключение не является окончательным диагнозом и должно быть клинически интерпретировано.;;
протоколы Ж ОМТ/1 Ж ОМТ (17).docx;протоколы Ж ОМТ;1;"Полип эндометрия [trigger]; Гиперплазия эндометрия [trigger]; Изменения эндометрия [trigger]; Миоматозные узлы [trigger]; Миоматозные узлы [trigger]; Образование/киста яичника [trigger]; Мультифолликулярная структура яичников [trigger]";Гиперплазия эндометрия, полипоз эндометрия, миома матки, мультифолликулярные яичники | Гиперплазия эндометрия, полипоз эндометрия, миома матки, мультифолликулярные яичники | М — эхо 12.2 мм эндометрий неоднородный, в нижней трети лоцируется образование повышенной эхогенности с сосудистой ножкой размеры 9.7х6.6 мм, в верхней трети образование повышенной эхогенности при ЦДК аваскулярное размеры 4х2 ;ЗАКЛЮЧЕНИЕ: Гиперплазия эндометрия, полипоз эндометрия, миома матки, мультифолликулярные яичники Данное заключение не является окончательным диагнозом;;
протоколы Ж ОМТ/1 Ж ОМТ (18).docx;протоколы Ж ОМТ;1;Аденомиоз [trigger];ЗАКЛЮЧЕНИЕ: Эхо-структурные признаки 1 фазы менструального цикла, аденомиоза, эндоцервикоза .;ЗАКЛЮЧЕНИЕ: Эхо-структурные признаки 1 фазы менструального цикла, аденомиоза, эндоцервикоза . Рекомендовано: консультация гинеколога Ультразвуковое исследование не является диагнозом и требует дальнейшей интерпретации лечащего врача;;
протоколы Ж ОМТ/1 Ж ОМТ (19).docx;протоколы Ж ОМТ;1;"Миоматозные узлы [trigger]; Миоматозные узлы [trigger]; Образование/киста яичника [negated]";Структура миометрия не однородная, за счет интерстициального миоматозного узла по задней стенке матки, размерами 14,7 х 11,5 мм | Заключение: Миома матки. | В проекции яичников объемные и жидкостные образования не определяются;Заключение: Миома матки. Рекомендации: консультация гинеколога.;;
протоколы Ж ОМТ/1 Ж ОМТ (2).docx;протоколы Ж ОМТ;1;"Изменения эндометрия [trigger]; Миоматозные узлы [trigger]; Миоматозные узлы [trigger]; Образование/киста яичника [trigger]";Шейка матки: неоднородная за счет анэхогенных, аваскулярных образований в том числе с неоднородным содержимым диам. | Структура матки: диффузно-неоднородная за счет гиперэхогенных включений, по передней, задней стенками интерстициальные, интерстициально-субсерозные миоматозные узлы с ровными, неровными контурами разм до.55х45мм (по задней стенке), разм.28х24мм-по передней | ЗАКЛЮЧЕНИЕ: эхо-признак;ЗАКЛЮЧЕНИЕ: эхо-признаки многоузловой миомы матки на фоне диффузных изменений миометрия. ВМС. УЗ-картина яичников соответствует 1 фазе МЦ Рекомендовано: консультация гинеколога, УЗ-контроль в динамике Данные ультразвукового исследования не являются диагнозом. Для интерпретации проведенного УЗИ, уточнения диагноза заболевания, его прогноза и назначения лечения Вам необходимо обратиться на консульта;;
протоколы Ж ОМТ/1 Ж ОМТ (20).docx;протоколы Ж ОМТ;1;Миоматозные узлы [trigger];Заключение: Миома матки в стадии кальциноза.Рекомендации: консультация гинеколога.;Заключение: Миома матки в стадии кальциноза.Рекомендации: консультация гинеколога.;;
протоколы Ж ОМТ/1 Ж ОМТ (21).docx;протоколы Ж ОМТ;1;"Полип эндометрия [trigger]; Изменения эндометрия [trigger]; Миоматозные узлы [trigger]; Миоматозные узлы [trigger]; Образование/киста яичника [trigger]; Образование/киста яичника [trigger]";Железисто- фиброзный полип эндометрия. | Удалена .диффузно неоднородныйпо передней стенке миоматозный узел тип 6 по FIGO -22*23 мм | Удалена .диффузно неоднородныйпо передней стенке миоматозный узел тип 6 по FIGO -22*23 мм | УЗИ картина двусторонних фолликулярных кистыУЗИ картина правостороннего гидросальпингса УЗИ картина миомы матки тип 5 по FIGO УЗИ контроль ОМТ в динамике после менструации | ,;ЗАКЛЮЧЕНИЕ:Железисто-фиброзный полип, более вероятно, шеечно-перешеечной области.Морфологическая картина в эндометрии- ассоциирована с ВМС.Код МКБ: Z04.8ИМТ - 47 Рекомендации: Режим - амбулаторныйДиета - общий стол Норколут по 5 мг * 2 раза в сутки 10 дней внутрьУЗИ контроль на 5-7 дмц Консультация эндокринолога ( Киселева Д.) Консультация невролога Свечи с лонгидазой через день по 1шт ректально 1;;
протоколы Ж ОМТ/1 Ж ОМТ (22).docx;протоколы Ж ОМТ;1;"Миоматозные узлы [trigger]; Миоматозные узлы [trigger]";"Структура миометрия не однородная, за счет интерстициальных(по FIGO 4) миоматозных узлов по задней стенке матки, размерами 16х12х8мм и 12х7мм | ""Заключение: Миома матки.";"Заключение: Миома матки. ВМС типично. Рекомендации: консультация гинеколога. Данное заключение не является диагнозом и должно быть клинически интерпретировано лечащим врачом.""";;
протоколы Ж ОМТ/1 Ж ОМТ (23).docx;протоколы Ж ОМТ;1;"Полип эндометрия [trigger]; Образование/киста яичника [trigger]; Полип шейки матки [trigger]";ЗАКЛЮЧЕНИЕ: УЗ-признаки полипа эндометрия, полипа шейки матки? | Цервикальный канал расширен до 6 мм за счет гиперэхогенного образования размерами 6х11 мм с ровными, четкими контурами. | ЗАКЛЮЧЕНИЕ: УЗ-признаки полипа эндометрия, полипа шейки матки?;ЗАКЛЮЧЕНИЕ: УЗ-признаки полипа эндометрия, полипа шейки матки? Категория O-RADS I справа, O-RADS I слева. Исследование проведено на аппарате Siemens Acuson NX3 Elite. Данное заключение не является диагнозом и должно быть интерпретировано специалистом.;;
протоколы Ж ОМТ/1 Ж ОМТ (24).docx;протоколы Ж ОМТ;1;"Изменения эндометрия [trigger]; Аденомиоз [trigger]; Образование/киста яичника [trigger]";Шейка матки неоднородная, с анэхогенными образованиями размерами до 10мм, цервикальный канал не расширен. | ЗАКЛЮЧЕНИЕ: Эхопризнаки аденомиоза, единичных кист шейки матки, снижения овариального резерва. | Шейка матки неоднородная, с анэхогенными образованиями размерами до 10мм, цервикальный канал не расширен.;ЗАКЛЮЧЕНИЕ: Эхопризнаки аденомиоза, единичных кист шейки матки, снижения овариального резерва.;;
протоколы Ж ОМТ/1 Ж ОМТ (25).docx;протоколы Ж ОМТ;1;"Изменения эндометрия [trigger]; Образование/киста яичника [negated]; Образование/киста яичника [negated]; Образование/киста яичника [negated]";ЗАКЛЮЧЕНИЕ: УЗ признаки несоответствия толщины эндометрия дню цикла , неоднородной эхо структуры эндометрия , диффузных изменений миометрия. | В ее проекции дополнительных образований не лоцируется . | Образования не выявлены. | Образования не выявлены.;"ЗАКЛЮЧЕНИЕ: УЗ признаки несоответствия толщины эндометрия дню цикла , неоднородной эхо структуры эндометрия , диффузных изменений миометрия. Рекомендовано: консультация и наблюдение гинеколога. Данное заключение не является диагнозом и требует консультации клинического специалиста. "" Пациент имеет возможность получить бесплатную онлайн консультацию или мнение профильного специалиста "" .";;
протоколы Ж ОМТ/1 Ж ОМТ (3).docx;протоколы Ж ОМТ;1;"Изменения эндометрия [trigger]; Изменения миометрия [trigger]; Эндометриоз [trigger]";Структура миометрия неоднородная за счет гетерогенных включений.М-эхо 5,6 мм Эндометрий трехслойный, | Структура миометрия неоднородная за счет гетерогенных включений.М-эхо 5,6 мм Эндометрий трехслойный, | ЗАКЛЮЧЕНИЕ: Внутренний эндометриоз.;ЗАКЛЮЧЕНИЕ: Внутренний эндометриоз. Данные ультразвукового исследования не являются диагнозом. Для интерпретации проведенного УЗИ, уточнения диагноза заболевания, его прогноза и назначения лечения Вам необходимо обратиться на консультацию или осмотр к своему лечащему врачу.;;
протоколы Ж ОМТ/1 Ж ОМТ (4).docx;протоколы Ж ОМТ;0;;;Заключение: ЭХО-картина соответствует дню менструального цикла ORADS 1 справа ORADS 1 слева Рекомендована консультация гинеколога, УЗИ в динамике. Данное заключение не является диагнозом и требует интерпретации специалиста.;;
протоколы Ж ОМТ/1 Ж ОМТ (5).docx;протоколы Ж ОМТ;1;"Изменения миометрия [trigger]; Аденомиоз [trigger]; Образование/киста яичника [negated]; Образование/киста яичника [negated]; Образование/киста яичника [trigger]; Изменения шейки матки (кисты, эндоцервикоз) [trigger]";Структура миометрия неоднородной эхоструктуры диффузно | Заключение: УЗ-признаки первой фазы менструального цикла, диффузных изменений миометрия (по типу аденомиоза). | Образования не выявлены | Образования не выявлены. | Шейка матки – размерами 30х24 мм, структура однородная, цервикальный канал не расширен, эндоцервикс неоднородной эхоструктуры, кисты эндоцервикса до 4 мм, толщина эндоцервикса 2 ;Заключение: УЗ-признаки первой фазы менструального цикла, диффузных изменений миометрия (по типу аденомиоза). O-RADS 1 справа O-RADS 1 слева. Исследование выполнено на аппарате Siemens Juniper, внутриполостным датчиком 9МС3. Данное заключение не является диагнозом и предназначено для интерпретации специалистом. Рекомендовано: консультация гинеколога, УЗ-контроль в динамике.;;
протоколы Ж ОМТ/1 Ж ОМТ (6).docx;протоколы Ж ОМТ;1;"Изменения эндометрия [trigger]; Миоматозные узлы [trigger]; Аденомиоз [trigger]; Образование/киста яичника [trigger]; Изменения шейки матки (кисты, эндоцервикоз) [trigger]; Сладж / взвесь в желчном пузыре [trigger]; Варикозное расширение вен малого таза [trigger]";МИОМЕТРИЙ: по структуре диффузно неоднородный с округлыми участками повышенной и пониженной эхогенности, без четких контуров в сочетании с гиперэхогенными линейными включениями, васкуляризация не изменена. | 1) в теле по задней стенке ближе ко дну в структуре миометрия - гипоэхогенное округлое образование (при ЦДК без особенностей), размерами до 1.4*1.1*1.5 см — интрамуральная миома малых размеров;ЗАКЛЮЧЕНИЕ: состояние после операции (2022г). УЗ- признаки 1 фазы менструального цикла, диффузных изменений миометрия по типу аденомиоза (в теле - интрамуральная миома малых размеров, FIGO 4), также нельзя исключить патологию эндометрия (см. протокол). УЗ-признаки жидкостной структуры правого яичника (фолликулярная киста? объемом 26-29 мл, O- RADS 1), свободной жидкости со взвесью в объеме 40мл, р;;
протоколы Ж ОМТ/1 Ж ОМТ (7).docx;протоколы Ж ОМТ;1;"Изменения эндометрия [trigger]; Изменения эндометрия [trigger]; Аденомиоз [trigger]; Образование/киста яичника [trigger]; Образование/киста яичника [trigger]; Варикозное расширение вен малого таза [trigger]";МИОМЕТРИЙ: по структуре диффузно неоднородный с участками повышенной и пониженной эхогенности, без четких контуров в сочетании с гиперэхогенными линейными включениями, васкуляризация не изменена. | ЗАКЛЮЧЕНИЕ: УЗ- признаки 1 фазы менструального цикла, диффузных изменений миометрия по типу аденомиоза, образования правого яичника с динамикой роста от УЗИ 25.05.2026г – эндометриоидная? | ЗАКЛЮЧЕНИЕ: ;ЗАКЛЮЧЕНИЕ: УЗ- признаки 1 фазы менструального цикла, диффузных изменений миометрия по типу аденомиоза, образования правого яичника с динамикой роста от УЗИ 25.05.2026г – эндометриоидная? киста объемом 40 мл, O- RADS 2. РЕКОМЕНДОВАНО: МРТ ОМТ с ввк на 5-7 ДМЦ, консультация гинеколога, контроль УЗИ в динамике. Данное заключение не является диагнозом и требует интерпретации лечащим врачом.;;
протоколы Ж ОМТ/1 Ж ОМТ (8).docx;протоколы Ж ОМТ;1;"Полип эндометрия [trigger]; Изменения эндометрия [trigger]; Аденомиоз [trigger]; Образование/киста яичника [trigger]; Образование/киста яичника [trigger]";ЭХО- признаик патологии эндометрия ( полип ) , аденомиоза ( диффузная форма ) , жидкостного образования левого яичника ( ретенционная киста , O-RADS 2 ) , косвенных признаков спаечног процесса вмалом тазу Данное заключение | неоднородное | ЭХО- признаик патологии эндометрия ( полип ) , аденомиоза ( диффузная форма ) , жидкостного образования левого яичника ( ретенционная киста , O-RADS 2 ) , косве;Заключение: ЭХО- признаик патологии эндометрия ( полип ) , аденомиоза ( диффузная форма ) , жидкостного образования левого яичника ( ретенционная киста , O-RADS 2 ) , косвенных признаков спаечног процесса вмалом тазу Данное заключение не является окончательным диагнозом и интерпретируется лечащим врачом Исследование выполнено на аппарате VINNO G 55 полостным датчиком Д4-9Е;;
протоколы Ж ОМТ/1 Ж ОМТ (9).docx;протоколы Ж ОМТ;1;"Изменения эндометрия [trigger]; Эндометриоз [trigger]; Образование/киста яичника [negated]; Образование/киста яичника [trigger]; Образование/киста яичника [trigger]; Изменения шейки матки (кисты, эндоцервикоз) [trigger]";Эхоструктура неоднородная | УЗ признаки кисты правого яичника , эндометриоза тела матки . | не расширена, патологических образований не выявлено | , определяется анэхогенное аваскулярное образование 15 х 25 мм | УЗ признаки кисты правого яичника , эндометриоза тела матки . | УЗ признаки кисты правого яичника , эндометриоза тела матки .;Заключение: УЗ признаки кисты правого яичника , эндометриоза тела матки . Диагноз Основной: N80.0, Эндометриоз матки, Выявлен впервые, неуточнен Подпись врача: Широков Роман Викторович;;
протоколы ЖП/1 ЖП (1).docx;протоколы ЖП;1;"Желчнокаменная болезнь (конкременты) [negated]; Дискинезия желчного пузыря [trigger]";Конкременты не выявлены. | УЗ-признаки дискинезии желчного пузыря по гипомоторному типу ( учитывая, время приема пищи)Рекомендована консультация гастроэнтеролога, узи ОБП на голодный желудок;ЗАКЛЮЧЕНИЕ УЗ-признаки дискинезии желчного пузыря по гипомоторному типу ( учитывая, время приема пищи)Рекомендована консультация гастроэнтеролога, узи ОБП на голодный желудок Результаты УЗИ не являются диагнозом. Для интерпретации результатов необходимо обратиться к лечащему врачу;;
протоколы ЖП/1 ЖП (10).docx;протоколы ЖП;1;"Гепатомегалия [trigger]; Диффузные изменения / стеатоз печени [trigger]; Диффузные изменения поджелудочной железы [trigger]";ЗАКЛЮЧЕНИЕ: Эхопризнаки гепатомегалии и диффузных изменений паренхимы печени по типу жировой инифильтрации, диффузных изменений паренхимы поджелудочной железы. | ЗАКЛЮЧЕНИЕ: Эхопризнаки гепатомегалии и диффузных изменений паренхимы печени по типу жировой инифильтрации, диффузных изменений паренхимы поджелудочной железы. | Эхогенность повышенная, эхоструктура диффузно неоднородная.;ЗАКЛЮЧЕНИЕ: Эхопризнаки гепатомегалии и диффузных изменений паренхимы печени по типу жировой инифильтрации, диффузных изменений паренхимы поджелудочной железы. УЗ-картина состояния после холецистэктомии. Заключение ультразвукового исследования не является диагнозом и требует интерпретации лечащим врачом.;;
протоколы ЖП/1 ЖП (11).docx;протоколы ЖП;1;"Желчнокаменная болезнь (конкременты) [trigger]; Дискинезия желчного пузыря [trigger]; Диффузные изменения / стеатоз печени [trigger]; Диффузные изменения поджелудочной железы [trigger]";Конкременты: нет, | Форма аномалия формы, перегиб в нижней трети | УЗ признаки холестероза желчного пузыря , диффузных изменений печени , поджелудочной железы по типу стеатоза . | УЗ признаки холестероза желчного пузыря , диффузных изменений печени , поджелудочной железы по типу стеатоза .;Заключение: УЗ признаки холестероза желчного пузыря , диффузных изменений печени , поджелудочной железы по типу стеатоза . Данное заключение не является диагнозом и должно быть клинически интерпретировано лечащим врачом .;;
протоколы ЖП/1 ЖП (12).docx;протоколы ЖП;1;"Сладж / взвесь в желчном пузыре [trigger]; Дискинезия желчного пузыря [trigger]";ЗАКЛЮЧЕНИЕ: На момент осмотра уз- признаки умеренной контурной деформации желчного пузыря и взвеси в нем | Форма с перегибом в нижней трети;ЗАКЛЮЧЕНИЕ: На момент осмотра уз- признаки умеренной контурной деформации желчного пузыря и взвеси в нем РЕКОМЕНДАЦИИ: Консультация врача- гастроэнтеролога УЗИ- контроль в динамике Важная информация! Данное заключение не является диагнозом, оно должно быть клинически интерпретировано лечащим врачом.;;
протоколы ЖП/1 ЖП (13).docx;протоколы ЖП;1;Желчнокаменная болезнь (конкременты) [trigger];Перивезикально без особенностей.Внутрипечёночное билиарное русло не расширено, долевые протоки до 3 мм.ЗАКЛЮЧЕНИЕ: УЗ-признаки конкрементов желчного пузыря.Заключение;Заключение УЛЬТРАЗВУКОВОЕ ИССЛЕДОВАНИЕ ЖЕЛЧНОГО ПУЗЫРЯ.УЗДсистема SIEMENS ACUSON Х700.ЖЕЛЧНЫЙ ПУЗЫРЬ: последний приём пищи около 8 часов назад:Размеры не изменены: 72-30-27 мм. Обычной формы. Просвет с анэхогенным однородным содержимым, на этом фоне несколько гиперэхогенных образований от 5 мм до 11 мм, свободно перемещающихся при перемене положения тела, дающих акустические тени. Область шейки св;;
протоколы ЖП/1 ЖП (14).docx;протоколы ЖП;1;"Желчнокаменная болезнь (конкременты) [trigger]; Сладж / взвесь в желчном пузыре [trigger]";Конкременты множественные размером до 15мм. | Содержимое неоднородное, в полости пузыря билиарный сладж.;ЗАКЛЮЧЕНИЕ: УЗ-признаки холестероза желчного пузыря, билиарного сладжа, холецистолитиаза. Данное заключение не является диагнозом. Рекомендовано: консультация лечащего врача.;;
протоколы ЖП/1 ЖП (15).docx;протоколы ЖП;1;Дискинезия желчного пузыря [trigger];Размерами 50 х 17 х 17 мм , объемом 7,5 мл неправильной формы за счет фиксированного загиба в области дна и шейки.;Описание Исследование проводилось на ультразвуковом сканере VINNO G 55 конвексным датчиком частотой 5С1 ЖЕЛЧНЫЙ ПУЗЫРЬ: Не увеличен. Размерами 50 х 17 х 17 мм , объемом 7,5 мл неправильной формы за счет фиксированного загиба в области дна и шейки. Стенки не утолщены , толщиной 1,0 мм . В просвете определяется ггомогенное содержимое Рекомендовано: консультация гастроэнтеролога.;;
протоколы ЖП/1 ЖП (16).docx;протоколы ЖП;1;"Полип желчного пузыря [trigger]; Дискинезия желчного пузыря [trigger]";ЗАКЛЮЧЕНИЕ: Образование в желчном пузыре- полип (без динамики по сравнению с УЗИ от 01.2026) | Неправильной формы, перегиб в шейке, контуры четкие, стенка не утолщена = 1,9мм,;ЗАКЛЮЧЕНИЕ: Образование в желчном пузыре- полип (без динамики по сравнению с УЗИ от 01.2026) Рекомендовано: наблюдение гастроэнтеролога, МРХПГ с контрастом ДАННОЕ ЗАКЛЮЧЕНИЕ НЕ ЯВЛЯЕТСЯ ДИАГНОЗОМ И ДОЛЖНО БЫТЬ ИНТЕРПРЕТИРОВАНО ЛЕЧАЩИМ ВРАЧОМ!;;
протоколы ЖП/1 ЖП (17).docx;протоколы ЖП;1;"Желчнокаменная болезнь (конкременты) [negated]; Дискинезия желчного пузыря [trigger]";Конкременты не выявлены. | Форма изменена, перегиб в шейке.;ЗАКЛЮЧЕНИЕ УЗ-признаки перегиба жечного пузыря в области шейки Результаты УЗИ не являются диагнозом. Для интерпретации результатов необходимо обратиться к лечащему врачу;;
протоколы ЖП/1 ЖП (18).docx;протоколы ЖП;1;"Полип желчного пузыря [trigger]; Гепатомегалия [trigger]; Гепатомегалия [trigger]; Диффузные изменения / стеатоз печени [trigger]; Диффузные изменения поджелудочной железы [trigger]";ЗАКЛЮЧЕНИЕ: Ультразвуковые признаки гепатомегалии, умеренных диффузных изменений паренхимы печени, деформации и полипа желчного пузыря, диффузных изменений поджелудочной железы. | КВР правой доли 162мм (КВР - косой вертикальный размер (N- менее 150, но гепатомегалия от 160 мм). | ЗАКЛЮЧЕНИЕ: Ультразвуковые признаки гепатомегалии, умеренных диффузных изменений паренхимы печени, деформации и полипа ;ЗАКЛЮЧЕНИЕ: Ультразвуковые признаки гепатомегалии, умеренных диффузных изменений паренхимы печени, деформации и полипа желчного пузыря, диффузных изменений поджелудочной железы. Рекомендовано: консультация гастроэнтеролога Данное заключение не является окончательным диагнозом и требует интерпретации лечащим врачом.;;
протоколы ЖП/1 ЖП (19).docx;протоколы ЖП;0;Дискинезия желчного пузыря [negated];Форма - перегиб .;"ЗАКЛЮЧЕНИЕ: УЗ патологии на момент исследования не выявлено. Данное заключение не является окончательным диагнозом и требует интерпретации лечащим врачом. "" Пациент имеет возможность получить бесплатную онлайн консультацию или мнение профильного специалиста "" .";;
протоколы ЖП/1 ЖП (2).docx;протоколы ЖП;1;"Диффузные изменения / стеатоз печени [trigger]; Диффузные изменения поджелудочной железы [trigger]";ЗАКЛЮЧЕНИЕ: эхо-признаки диффузных изменений паренхимы печени, поджелудочной железы (по типу жировой инфильтрации), изгиба стенок желчного пузыря без признаков застоя, выраженного вздутия петель кишечника. | ЗАКЛЮЧЕНИЕ: эхо-признаки диффузных изменений паренхимы печени, поджелудочной железы (по типу жировой инфильтрации), изгиба стенок желчного пузыря без признаков застоя, выраженного вздутия пете;ЗАКЛЮЧЕНИЕ: эхо-признаки диффузных изменений паренхимы печени, поджелудочной железы (по типу жировой инфильтрации), изгиба стенок желчного пузыря без признаков застоя, выраженного вздутия петель кишечника. Рекомендовано: консультация гастроэнтеролога Данные ультразвукового исследования не являются диагнозом. Для интерпретации проведенного УЗИ, уточнения диагноза заболевания, его прогноза и назначе;;
протоколы ЖП/1 ЖП (20).docx;протоколы ЖП;1;"Желчнокаменная болезнь (конкременты) [trigger]; Полип желчного пузыря [trigger]; Диффузные изменения поджелудочной железы [trigger]";Конкременты: нет | Полип желчного пузыря. | Структура паренхимы: неоднородная диффузно;ЗАКЛЮЧЕНИЕ: Полип желчного пузыря. Невыраженные диффузные изменения в паренхиме поджелудочной железы Результаты УЗИ не являются диагнозом. Для интерпретации результатов необходимо обратиться к лечащему врачу;;
протоколы ЖП/1 ЖП (21).docx;протоколы ЖП;1;"Желчнокаменная болезнь (конкременты) [trigger]; Полип желчного пузыря [trigger]; Гемангиома печени [trigger]";Конкременты: нет | Полип в желчном пузыре небольших размеров | Гемангиома печени.;ЗАКЛЮЧЕНИЕ: Гемангиома печени. Полип в желчном пузыре небольших размеров Результаты УЗИ не являются диагнозом. Для интерпретации результатов необходимо обратиться к лечащему врачу;;
протоколы ЖП/1 ЖП (22).docx;протоколы ЖП;1;"Желчнокаменная болезнь (конкременты) [negated]; Полип желчного пузыря [trigger]; Сладж / взвесь в желчном пузыре [trigger]; Дискинезия желчного пузыря [trigger]; Диффузные изменения / стеатоз печени [trigger]; Диффузные изменения поджелудочной железы [trigger]";…пузырь: размером 62х18мм, деформирован, с перегибом в теле, на стенке определяется неподвижное гиперэхогенное образование размером 3.3мм, содержимое взвесь, конкременты не определяются.Поджелудочная железа: не увеличена, размеры: головки 23мм (N 11-30мм), тела 15мм (N 4-21мм), хвоста 25мм(N 7-28мм), контур четкий,… | …заполнены газом, стенки не утолщены, межпетельно жидкость не определяется.Свобо;Заключение: Эхо-признаки диффузных изменений печени, деформации желчного пузыря с признаками холестаза, полипа желчного пузыря, диффузных изменений ткани поджелудочной железы.Данное заключение не является диагнозом и должно быть клинически интерпретировано лечащим врачом.Рекомендовано — консультация гастроэнтеролога;;
протоколы ЖП/1 ЖП (23).docx;протоколы ЖП;1;"Желчнокаменная болезнь (конкременты) [trigger]; Диффузные изменения / стеатоз печени [trigger]; Диффузные изменения поджелудочной железы [trigger]";1мм.Желчный пузырь: размером 84х34мм, обычной формы, стенки гиперэхогенные 2-3, содержимое анэхогенное, конкременты множественные до 6-8мм.Поджелудочная железа: не увеличена, размеры: головки 23мм (N 11-30мм), тела 14мм (N 4-21мм), хвоста 23мм(N 7-28мм), контур четкий, ровный, структура неоднородная, эхогенность… | Свободной жидкости в брюшной полости не выявлено.Заключение: Эхо-признаки диффузных;Заключение: Эхо-признаки диффузных изменений печени по типу жирового гепатоза, хронического калькулезного холецистита, диффузных изменений поджелудочной железы.Данное заключение не является диагнозом и должно быть клинически интерпретировано лечащим врачом.Рекомендовано — консультация хирурга, гастроэнтеролога;;
протоколы ЖП/1 ЖП (24).docx;протоколы ЖП;1;"Желчнокаменная болезнь (конкременты) [trigger]; Холецистит [trigger]; Диффузные изменения / стеатоз печени [trigger]; Диффузные изменения поджелудочной железы [trigger]";Заключение: УЗ-признаки хронического калькулезного холецистита, деформации желчного пузыря (полость разделена). | Заключение: УЗ-признаки хронического калькулезного холецистита, деформации желчного пузыря (полость разделена). | Умеренные диффузные изменения поджелудочной железы и печени. | Умеренные диффузные изменения поджелудочной железы и печени.;Заключение: УЗ-признаки хронического калькулезного холецистита, деформации желчного пузыря (полость разделена). Умеренные диффузные изменения поджелудочной железы и печени. Дивертикулы сигмовидной кишки. Гиперпневматоз кишечника. Рекомендовано: консультация хирурга, гастроэнтеролога, колоноскопия и УЗИ в динамике.*Данные ультразвукового исследования не являются диагнозом.Для интерпретации проведен;;
протоколы ЖП/1 ЖП (25).docx;протоколы ЖП;1;"Полип желчного пузыря [trigger]; Дискинезия желчного пузыря [trigger]";ЗАКЛЮЧЕНИЕ: Полипоз и холестаз желчного пузыря. | Размерами 63 х 17 мм , грушевидной формы с загибом в области шейки.;ЗАКЛЮЧЕНИЕ: Полипоз и холестаз желчного пузыря. Рекомендовнао: консультация гастроэнтеролога.;;
протоколы ЖП/1 ЖП (3).docx;протоколы ЖП;1;"Желчнокаменная болезнь (конкременты) [negated]; Сладж / взвесь в желчном пузыре [trigger]; Гепатомегалия [trigger]";стенки= 2- 3 мм - гиперэхогенные , содержимое пришеечно - неоднородное - мелкодисперсная взвесь , конкременты - не определяются , дополнительные образования – нет . | стенки= 2- 3 мм - гиперэхогенные , содержимое пришеечно - неоднородное - мелкодисперсная взвесь , конкременты - не определяются , дополнительные образования – нет . | Заключение : Эхографические признаки гепатомегалии , выраженный жи;"Заключение : Эхографические признаки гепатомегалии , выраженный жировой гепатоз ; хронический холецистит ( вне обострения ) , холестаз ; стеатоз поджелудочной железы ( с увеличением размеров ) ; много висцерального жира , выражен пневмотоз толстого кишечника . Рекомендовано : Консультация гастроэнтеролога , эндокринолога , гинеколога ( долго стоит спираль ). УЗИ – контроль . ____________________";;
протоколы ЖП/1 ЖП (4).docx;протоколы ЖП;1;"Гепатомегалия [trigger]; Диффузные изменения / стеатоз печени [trigger]; Диффузные изменения поджелудочной железы [trigger]";"УЗ признаки незначительной гепатомегалии, увеличения поджелудочной железы. | Контуры ровные,   чёткие.Толщина головки 32мм    , тела  15     мм, хвоста  30ммЭхогенность:  повышена Эхоструктура: неоднороднаяПанкреатический проток: не расширен Селезеночная вена:     N; ЗАКЛЮЧЕНИЕ :УЗ признаки выраженных диффузных  изменений     печени (жировой гепатоз), поджелудочной железы (липоматоз). | Контуры ро";ЗАКЛЮЧЕНИЕ :УЗ признаки выраженных диффузных изменений печени (жировой гепатоз), поджелудочной железы (липоматоз). Деформация желчного пузыря. УЗ признаки незначительной гепатомегалии, увеличения поджелудочной железы. Данное заключение не является клиническим диагнозом! Рекомендуется консультация специалиста. Сохраняйте протоколы! Предъявляйте врачу для сравнения при последующих исследованиях;;
протоколы ЖП/1 ЖП (5).docx;протоколы ЖП;1;"Гепатомегалия [trigger]; Диффузные изменения / стеатоз печени [trigger]; Диффузные изменения поджелудочной железы [trigger]";"УЗ признаки незначительной гепатомегалии, увеличения поджелудочной железы. | Контуры ровные,   чёткие.Толщина головки 32мм    , тела  15     мм, хвоста  30ммЭхогенность:  повышена Эхоструктура: неоднороднаяПанкреатический проток: не расширен Селезеночная вена:     N; ЗАКЛЮЧЕНИЕ :УЗ признаки выраженных диффузных  изменений     печени (жировой гепатоз), поджелудочной железы (липоматоз). | Контуры ро";ЗАКЛЮЧЕНИЕ :УЗ признаки выраженных диффузных изменений печени (жировой гепатоз), поджелудочной железы (липоматоз). Деформация желчного пузыря. УЗ признаки незначительной гепатомегалии, увеличения поджелудочной железы. Данное заключение не является клиническим диагнозом! Рекомендуется консультация специалиста. Сохраняйте протоколы! Предъявляйте врачу для сравнения при последующих исследованиях;;
протоколы ЖП/1 ЖП (6).docx;протоколы ЖП;1;"Желчнокаменная болезнь (конкременты) [trigger]; Сладж / взвесь в желчном пузыре [trigger]; Дискинезия желчного пузыря [trigger]; Гепатомегалия [trigger]; Диффузные изменения / стеатоз печени [trigger]; Диффузные изменения поджелудочной железы [trigger]";Полость со взвесью.Конкременты - нет. | Полость со взвесью.Конкременты - нет. | Форма - перегиб в теле. | ЗАКЛЮЧЕНИЕ: Гепатомегалия. | Умеренные диффузные изменения паренхимы печени и поджелудочной железы. | Умеренные диффузные изменения паренхимы печени и поджелудочной железы.;ЗАКЛЮЧЕНИЕ: Гепатомегалия. Умеренные диффузные изменения паренхимы печени и поджелудочной железы. Перегиб желчного пузыря со взвесью.;;
протоколы ЖП/1 ЖП (7).docx;протоколы ЖП;1;"Сладж / взвесь в желчном пузыре [trigger]; Дискинезия желчного пузыря [trigger]; Холецистит [trigger]; Диффузные изменения поджелудочной железы [trigger]";Сладжа и деформации в | выявленыСосудистый рисунок паренхимы : сохраненВнутрипеченочные протоки : не расширеныПеченочные вены : не расширеныВоротная вена (N 10-12 мм) : 11 мм, кровоток гепатопетальныйНижняя полая вена (N до 20 мм) : 15ммЖёлчный пузырь : расположен типично.Формаизменена за счет загиба в нижней трети. | желчном пузыре .Нельзя исключить холецистит.Рекомендации:консультация гастроэтер;Заключение: ЭХО-признаки диффузных изменений в поджелудочной железе. Сладжа и деформации в желчном пузыре .Нельзя исключить холецистит.Рекомендации:консультация гастроэтеролога , гастроскопия Данное заключение не является диагнозом и требует интерпритации специалиста .Исследование проводится на оборудовании : SIMENS ACUSON JUNIPER;;
протоколы ЖП/1 ЖП (8).docx;протоколы ЖП;1;"Сладж / взвесь в желчном пузыре [trigger]; Диффузные изменения поджелудочной железы [trigger]";Сладжа в желчном пузыре . | …2,4мм уплотнены однородные обычной эхогенности.ПОДЖЕЛУДОЧНАЯ ЖЕЛЕЗАГоловка 17мм Тело 11мм Хвост 21мм Контуры ровные четкие.Эхоструктура диффузно не однородная.Эхогенность средняя.Очаговые образования не определяются.Вирсунгов проток не расширен.Заключение: ЭХО-признаки диффузных изменений в поджелудочной железе.;Заключение: ЭХО-признаки диффузных изменений в поджелудочной железе. Сладжа в желчном пузыре . Рекомендации:консультация гастроэтеролога , гастроскопия Данное заключение не является диагнозом и требует интерпритации специалиста .Исследование проводится на оборудовании : SIMENS ACUSON JUNIPER;;
протоколы ЖП/1 ЖП (9).docx;протоколы ЖП;1;"Дискинезия желчного пузыря [trigger]; Диффузные изменения поджелудочной железы [trigger]";Имеется деформация в области шейки в виде неполного перегиба. | Эхогенность повышенная, эхоструктура диффузно неоднородная.;ЗАКЛЮЧЕНИЕ: Эхокартина диффузных изменений паренхимы поджелудочной железы.;;
протоколы молочная железа/молочн железа (1).docx;протоколы молочная железа;1;"Очаговое образование молочной железы [trigger]; Мастопатия / диффузные изменения молочных желез [trigger]";Очаговые образования - определяются на 12 ч справа поверхностно 12.3х7х7.6 мм, овоидный средней эхогенности очаг с ровной границей - фиброаденома. | Заключение: УЗ-признаки мастопатии, очагового образования правой молочной железы (фиброаденома?);Заключение: УЗ-признаки мастопатии, очагового образования правой молочной железы (фиброаденома?) Рекомендовано: Консультация маммолога Ультразвуковой сканер: Siemens Acuson 700 Примечание: Данное заключение не является диагнозом, оно должно быть интерпретировано лечащим врачом. При последующем УЗИ необходимо иметь протоколы или копии предыдущих УЗИ исследований.;;
протоколы молочная железа/молочн железа (10).docx;протоколы молочная железа;0;;;одмышечных областей с обеих сторон определяются не увеличенные структурно неизмененные лимфатические узлы максматльными размерами до 14мм без признаков усиления васкуляризации. Заключение: состояние после маммопластики Br2.Данное заключение не является диагнозом и должно интерпретироваться лечащим врачом с учётом других медицинских данных. Исследование выполнено на аппарате Voluson S8 датчик 12L;;
протоколы молочная железа/молочн железа (2).docx;протоколы молочная железа;1;"Образование молочной железы BI-RADS 3-5 [trigger]; Образование молочной железы BI-RADS 3-5 [trigger]; Мастопатия / диффузные изменения молочных желез [trigger]; Мастопатия / диффузные изменения молочных желез [trigger]; Локальный фиброз молочной железы [trigger]; Локальный фиброз молочной железы [trigger]";Правая мол.железа Bi-RADS 3. | Левая мол.железа Bi-RADS 3. | Заключение: УЗИ-признаки фокальных изменений молочных желез (УЗ-картина может соответствовать фиброзно – кистозной мастопатии). | Тип строения железы фиброгландулярный с кистозным компонентом. | Архитектоника молочных желез не нарушена, железистая ткань в ВНК до 10 мм (норма до 8 -13мм), структурно не однородная, эхогенность повышенная, ;Заключение: УЗИ-признаки фокальных изменений молочных желез (УЗ-картина может соответствовать фиброзно – кистозной мастопатии). Правая мол.железа Bi-RADS 3. Левая мол.железа Bi-RADS 3. Рекомендовано: Консультация мамолога. УЗИ-контроль через 12 мес. Данное заключение не является окончательным диагнозом. Предназначено для вашего лечащего врача и должно рассматриваться в комплексе с клиническими да;;
протоколы молочная железа/молочн железа (3).docx;протоколы молочная железа;1;"Образование молочной железы BI-RADS 3-5 [trigger]; Мастит / воспалительные изменения молочной железы [trigger]";Категория BI-RADS 4 (левая молочная железа) | На границе наружных квадрантов в околососковой зоне визуализируется неоднородной структуры участок с четкими неровными контурами:18.9х14.1мм(нельзя исключить мастит);Заключение:На границе наружных квадрантов в околососковой зоне визуализируется неоднородной структуры участок с четкими неровными контурами:18.9х14.1мм(нельзя исключить мастит) Категория BI-RADS 1 (правая молочная железа) Категория BI-RADS 4 (левая молочная железа) Рекомендовано: консультация маммолога Данные ультразвукового исследования не являются клиническим диагнозом и требуют консультации;;
протоколы молочная железа/молочн железа (4).docx;протоколы молочная железа;0;;;Заключение: УЗ-признаков патологии не выявлено Категория BI-RADS 1 (правая молочная железа) Категория BI-RADS 1 (левая молочная железа) Рекомендовано: консультация маммолога Данные ультразвукового исследования не являются клиническим диагнозом и требуют консультации профильного специалиста;;
протоколы молочная железа/молочн железа (5).docx;протоколы молочная железа;0;"Мастопатия / диффузные изменения молочных желез [negated]; Локальный фиброз молочной железы [negated]";УЗ-признаков объемных образований не выявлено.Диффузные изменения в молочных железах. | Структура ткани: однородна, смешанного строения с преобладанием жирового компонента, умеренными фиброзными изменениями.;Заключение: УЗ-признаков объемных образований не выявлено.Диффузные изменения в молочных железах. Рекомендации: Маммография по плану.;;
протоколы молочная железа/молочн железа (6).docx;протоколы молочная железа;0;"Мастопатия / диффузные изменения молочных желез [negated]; Локальный фиброз молочной железы [negated]; Локальный фиброз молочной железы [negated]";ЗАКЛЮЧЕНИЕ:Уз - признаки кистозной мастопатии, категория Birads 2,состояние после мастопексии | Ткань формирующая молочную железу :железистая,жировая,фиброзная | Ткань формирующая молочную железу :железистая ,жировая,фиброзная;ЗАКЛЮЧЕНИЕ:Уз - признаки кистозной мастопатии, категория Birads 2,состояние после мастопексии рекомендуется консультация маммолога Уважаемые пациенты данное заключение не является диагнозом и требует интерпретации лечащего врача;;
протоколы молочная железа/молочн железа (7).docx;протоколы молочная железа;0;"Мастопатия / диффузные изменения молочных желез [negated]; Локальный фиброз молочной железы [negated]";Заключение: УЗ-признаки диффузных изменений на фоне жировой инволюции обеих молочных желез. | Ареолы не изменены.Строение представлено преимущественно жировой и фиброзной тканью, железистая ткань в виде гиперэхогенных тяжей в центральных отделах.;Заключение: УЗ-признаки диффузных изменений на фоне жировой инволюции обеих молочных желез. Справа BI-RADS 1, слева BI-RADS 1. Исследование выполнено на аппарате Siemens Juniper, линейным датчиком 11L4. Данное заключение не является диагнозом и предназначено для интерпретации специалистом.;;
протоколы молочная железа/молочн железа (8).docx;протоколы молочная железа;0;;;Заключение: Повышение эхогенности железистой ткани , жировой инволюции в обеих молочных железах. BI-RADS справа 2 , слева 2 Рекомендации: Исследование выполнено на аппарате VINNO G 55 линейным датчиком Х4-12L;;
протоколы молочная железа/молочн железа (9).docx;протоколы молочная железа;0;"Мастопатия / диффузные изменения молочных желез [negated]; Локальный фиброз молочной железы [negated]; Локальный фиброз молочной железы [negated]; Локальный фиброз молочной железы [negated]";УЗ - картина фиброзно - кистозной мастопатии. | Соотношение железисто - фиброзной ткани к жировой 2:1 | локального фиброза d - 13 * 9 мм с двумя анэхогенными структурами d - 3,5 мм и 8,3 * 3,6 мм, | локального фиброза d - 14 * 7 мм, при ЦДК аваскулярный.;Заключение: УЗ - картина фиброзно - кистозной мастопатии. Участок локального фиброза с двумя жидкостными структурами в правой м/ж. Участок локального фиброза в левой м/ж. Аксиллярные лимфоузлы справа и слева не увеличены. Правая молочная железа: категория BI-RADS 2. Левая молочная железа: категория BI-RADS 2. Рекомендовано: консультация маммолога, УЗИ м/ж в динамике. Данное заключение не являетс;;
протоколы предстательная железа/простата (1).docx;протоколы предстательная железа;1;"Диффузные изменения / простатит предстательной железы [trigger]; Кальцинаты предстательной железы [trigger]";"При ЦДК – без локальных и диффузных изменений васкуляризации; | ЗАКЛЮЧЕНИЕ: Диффузные изменения паренхимы предстательной железы с локальным фиброзом и микрокальцинозом.";ЗАКЛЮЧЕНИЕ: Диффузные изменения паренхимы предстательной железы с локальным фиброзом и микрокальцинозом.;;
протоколы предстательная железа/простата (10).docx;протоколы предстательная железа;1;"ДГПЖ / гиперплазия предстательной железы [trigger]; Диффузные изменения / простатит предстательной железы [trigger]; Кальцинаты предстательной железы [trigger]; Кальцинаты предстательной железы [trigger]; Киста предстательной железы [trigger]";Заключение: Эхо-признаки множественных кальцинатов предстательной железы, узловой формы ДГПЖ в динамике увеличение размеров. | Паренхима центральной и периферической частей предстательной железы неоднородная. | Скопления кальцинатов в периферической зоне справа и слева, по ходу уретры размером до 9.4х6мм. | Заключение: Эхо-признаки множественных кальцинатов предстательной железы, узловой формы ДГП;Заключение: Эхо-признаки множественных кальцинатов предстательной железы, узловой формы ДГПЖ в динамике увеличение размеров. Данное заключение не является диагнозом и должно быть клинически интерпретировано лечащим врачом. Рекомендовано - консультация уролога.;;
протоколы предстательная железа/простата (2).docx;протоколы предстательная железа;1;"ДГПЖ / гиперплазия предстательной железы [trigger]; ДГПЖ / гиперплазия предстательной железы [trigger]; Диффузные изменения / простатит предстательной железы [trigger]; Кальцинаты предстательной железы [negated]; Нарушение пассажа мочи / остаточная моча [negated]";ДГПЖ.Васкуляризация предстательной железы в пределах нормативных значений.Аппарат | …МАЛОГО ТАЗА У МУЖЧИН (ТРУЗИ, ДОПЛЕРОГРАФИЯ)Мочевой пузырь: достаточно наполнения, Объем мочевого пузыря: 150см3 Стенки: тонкие, ровныеПредстательная железа увеличена и имеет размеры47х32х39 см3Объем железы - 31см3 Контуры: Ровные, четкие/Форма: шаровидная, без нарушения симметрии, отмечается гиперплазия переходных;Заключение: Хронический простатит. ДГПЖ.Васкуляризация предстательной железы в пределах нормативных значений.Аппарат LogiqE10/ Датчик 7,5 Мгц и 3,5 мгц.Данное заключение не является клиническим диагнозом! Рекомендуется консультация специалиста. Сохраняйте протоколы! Предъявляйте врачу для сравнения при последующих исследованиях.;;
протоколы предстательная железа/простата (3).docx;протоколы предстательная железа;1;"ДГПЖ / гиперплазия предстательной железы [trigger]; Диффузные изменения / простатит предстательной железы [trigger]";УЗ признаки диффузных изменений паренхимы предстательной железы по типу хронического простатита, гиперплазии и увеличения объема предстательной железы. | УЗ признаки диффузных изменений паренхимы предстательной железы по типу хронического простатита, гиперплазии и увеличения объема предстательной железы.;"ЗАКЛЮЧЕНИЕ ИССЛЕДОВАНИЯ УЗ признаки диффузных изменений паренхимы предстательной железы по типу хронического простатита, гиперплазии и увеличения объема предстательной железы. Ультразвуковое исследование выполнено на аппарате "" SonoScape S40Exp "". Данное заключение не является диагнозом и предназначено для интерпретации специалистом. Эхограммы выданы. Рекомендовано: консультация врача-уролога.";;
протоколы предстательная железа/простата (4).docx;протоколы предстательная железа;1;ДГПЖ / гиперплазия предстательной железы [trigger];УЗ-признаки ДГПЖ.;ЗАКЛЮЧЕНИЕ УЗ-признаки ДГПЖ. Рекомендовано консультация уролога. Уважаемые пациенты! Заключение ультразвукового исследования не является клиническим диагнозом. Для интерпретации проведенного ультразвукового исследования, уточнения диагноза заболевания, его прогноза и назначения лечения Вам необходимо обратиться на консультацию к своему лечащему врачу.;;
протоколы предстательная железа/простата (5).docx;протоколы предстательная железа;1;"ДГПЖ / гиперплазия предстательной железы [trigger]; Диффузные изменения / простатит предстательной железы [trigger]; Киста предстательной железы [trigger]";Узлы ДГПЖ характеризуются наличием гиперпластического типа сосудистого рисунка с наличием огибающих и оплетающих узел сосудов с одинаковым диаметром без извитости. | диффузных изменений предстательной железы с периуретральной кальцификацией (по типу хронического простатита), | единичные мелкие ретенционные кисты в паренхиме центральных отделов,;ЗАКЛЮЧЕНИЕ: Ультразвуковые признаки увеличения предстательной железы 1 степени (незначительная) за счет гиперплазии переходных зон (больше занных за ДГПЖ). диффузных изменений предстательной железы с периуретральной кальцификацией (по типу хронического простатита), единичные мелкие ретенционные кисты в паренхиме центральных отделов, признаки диффузных изменений и уменьшения размеров семеных желез;;
протоколы предстательная железа/простата (6).docx;протоколы предстательная железа;1;"ДГПЖ / гиперплазия предстательной железы [trigger]; Диффузные изменения / простатит предстательной железы [trigger]; Кальцинаты предстательной железы [trigger]; Киста предстательной железы [trigger]";Гиперплазия предстательной железы. | ЗАКЛЮЧЕНИЕ: УЗИ признаки диффузных изменений в предстательной железе, киста, кальцинаты( участки фиброза). | ЗАКЛЮЧЕНИЕ: УЗИ признаки диффузных изменений в предстательной железе, киста, кальцинаты( участки фиброза). | ЗАКЛЮЧЕНИЕ: УЗИ признаки диффузных изменений в предстательной железе, киста, кальцинаты( участки фиброза).;ЗАКЛЮЧЕНИЕ: УЗИ признаки диффузных изменений в предстательной железе, киста, кальцинаты( участки фиброза). Гиперплазия предстательной железы. Исследование выполнено на ультразвуковом аппарате SonoScape S40. Не является клиническим диагнозом, требуется консультация специалиста.;;
протоколы предстательная железа/простата (7).docx;протоколы предстательная железа;1;"ДГПЖ / гиперплазия предстательной железы [trigger]; Диффузные изменения / простатит предстательной железы [trigger]";УЗ-признаки гиперплазии, диффузных изменений структуры предстательной железы. | Структура: диффузно неоднородная, за счет гиперэхогенного участка в проекции периферической зоны - участок фиброза, мелких анэхогенных включений в проекции центральной и переходных зон;ЗАКЛЮЧЕНИЕ: УЗ-признаки гиперплазии, диффузных изменений структуры предстательной железы. Рек-но: конс.уролога;;
протоколы предстательная железа/простата (8).docx;протоколы предстательная железа;1;"ДГПЖ / гиперплазия предстательной железы [trigger]; Диффузные изменения / простатит предстательной железы [trigger]; Диффузные изменения / простатит предстательной железы [trigger]; Нарушение пассажа мочи / остаточная моча [trigger]";ЗАКЛЮЧЕНИЕ: : УЗ признаки диффузных изменений предстательной железы ( по типу хронического простатита ) , увеличения обьема ( по типу ДГПЖ), нарушения пассажа мочи . | ЗАКЛЮЧЕНИЕ: : УЗ признаки диффузных изменений предстательной железы ( по типу хронического простатита ) , увеличения обьема ( по типу ДГПЖ), нарушения пассажа мочи . | Эхогенность паренхимы - средняя, эхо - структура диффузно - неод;ЗАКЛЮЧЕНИЕ: : УЗ признаки диффузных изменений предстательной железы ( по типу хронического простатита ) , увеличения обьема ( по типу ДГПЖ), нарушения пассажа мочи . Рекомендовано : консультация уролога. - Данные ультразвукового исследования не являются клиническим диагнозом , требуют консультации профильного специалиста.;;
протоколы предстательная железа/простата (9).docx;протоколы предстательная железа;1;"ДГПЖ / гиперплазия предстательной железы [trigger]; Нарушение пассажа мочи / остаточная моча [trigger]";ЗАКЛЮЧЕНИЕ: Эхографические признаки увеличения объема предстательной железы за счет боковых долей (аденома простаты). | Объем остаточной мочи составил 100 мл.;ЗАКЛЮЧЕНИЕ: Эхографические признаки увеличения объема предстательной железы за счет боковых долей (аденома простаты). Избыточное количество остаточной мочи.;;
протоколы щитовидная железа/щитовидка (1).docx;протоколы щитовидная железа;1;"Узловое образование щитовидной железы [trigger]; Диффузные изменения щитовидной железы (АИТ, зоб) [trigger]";Ультразвуковые признаки узлов левой доли, на фоне умеренных диффузных изменений щитовидной железы | Ультразвуковые признаки узлов левой доли, на фоне умеренных диффузных изменений щитовидной железы;ЗАКЛЮЧЕНИЕ: Ультразвуковые признаки узлов левой доли, на фоне умеренных диффузных изменений щитовидной железы Тi-rads-2;;
протоколы щитовидная железа/щитовидка (10).docx;протоколы щитовидная железа;0;;;: средняя Региональные лимфоузлы: не увеличены При ЦДК: кровоток не усилен Заключение Данное заключение не является окончательным диагнозом, требуется интерпретация профильного специалиста с учётом клинических данных.Исследование выполнено на УЗ сканере Siemens Acuson S1000 На момент исследования железа в объёме не увеличена.Структура тиреоидной ткани - единичные расширенные фолликулы.;;
протоколы щитовидная железа/щитовидка (2).docx;протоколы щитовидная железа;1;"Узловое образование щитовидной железы [trigger]; Узловое образование щитовидной железы [trigger]; Диффузные изменения щитовидной железы (АИТ, зоб) [trigger]";Узловой зоб .Узел правой доли железы.TI-RADS 2 | Микрофолликула левой доли. | ЗАКЛЮЧЕНИЕ:Диффузные изменения в паренхиме щитовидной железы .;ЗАКЛЮЧЕНИЕ:Диффузные изменения в паренхиме щитовидной железы . Узловой зоб .Узел правой доли железы.TI-RADS 2 Микрофолликула левой доли. Рекомендовано: конс. эндокринолога. Уз заключение не является диагнозом и должно быть интерпретировано лечащим врачом.;;
протоколы щитовидная железа/щитовидка (3).docx;протоколы щитовидная железа;1;Узловое образование щитовидной железы [trigger];"…, 15х14мм , 25х21мм с кровотоком пери и интранодулярным , без признаков вертикального роста и микрокальцинатов , в левой доле , в нижнем полюсе изоэхогенный узел 24х13мм с активным преинодулярным кровотоком , без признаков вертикального роста и микрокальцинатов , в средней трети "" губчатый "" узел 10х5 мм .Кисты ,…";Заключение Узлы в обеих долях щитовидной железы , уиление кровотока в щитовидной железе. EU-TIRADS справа 3 , слева 3 Данное заключение не является окончательным диагнозом и интерпретируется лечащим врачом Исследование выполнено на аппарате VINNO G 55 линейным датчиком Х4-12L;;
протоколы щитовидная железа/щитовидка (4).docx;протоколы щитовидная железа;1;Узловое образование щитовидной железы [trigger];ОБЪЕМ ЖЕЛЕЗЫ 7,7 см.куб.ЭХОСТРУКТУРА неоднороднаяУЗЛОВЫЕ ОБРАЗОВАНИЯ:в перешейке узел с кальцинированной капсулой5х3,8мм.В ПРАВОЙ ДОЛЕ: 4,4мм, 3мм, 7х6мм,В ЛЕВОЙ ДОЛЕ: 3,7мм,3,7мм, 4мм.ЭХОГЕННОСТЬ: средняяВАСКУЛЯРИЗАЦИЯ ПАРЕНХИМЫ : не усиленаРЕГИОНАЛЬНЫЕ ЛИМФОУЗЛЫ : не увеличеныЗаключение: Узлы в щитовидной…;Заключение: Узлы в щитовидной железе.Аппарат Logiq E10. Датчику 12 Мгц Данное заключение не является клиническим диагнозом! Рекомендуется консультация специалиста. Сохраняйте протоколы! Предъявляйте врачу для сравнения при последующих исследованиях.;;
протоколы щитовидная железа/щитовидка (5).docx;протоколы щитовидная железа;1;Узловое образование щитовидной железы [trigger];УЗ признаки узловых образований обеих долей щитовидной железы.;"ЗАКЛЮЧЕНИЕ ИССЛЕДОВАНИЯ УЗ признаки узловых образований обеих долей щитовидной железы. Ультразвуковое исследование выполнено на аппарате ""SonoScape S40Exp"". Данное заключение не является диагнозом и предназначено для интерпретации специалистом. Эхограммы выданы. РЕКОМЕНДОВАНО Консультация врача-эндокринолога. УЗ контроль в динамике.";;
протоколы щитовидная железа/щитовидка (6).docx;протоколы щитовидная железа;1;"Узловое образование щитовидной железы [trigger]; Диффузные изменения щитовидной железы (АИТ, зоб) [trigger]";Узловое образование, единичный макрофолликул левой доли щитовидной железы (EU-TIRADS-3). | УЗ-признаки диффузных изменений ткани щитовидной железы.;ЗАКЛЮЧЕНИЕ: УЗ-признаки диффузных изменений ткани щитовидной железы. Узловое образование, единичный макрофолликул левой доли щитовидной железы (EU-TIRADS-3). Рек-но: консультация эндокринолога, УЗ-контроль в динамике.;;
протоколы щитовидная железа/щитовидка (7).docx;протоколы щитовидная железа;1;Диффузные изменения щитовидной железы (АИТ, зоб) [trigger];ЗАКЛЮЧЕНИЕ: УЗ признаки диффузных изменений щитовидной железы ( по типу АИТ ).;"ЗАКЛЮЧЕНИЕ: УЗ признаки диффузных изменений щитовидной железы ( по типу АИТ ). Рекомендовано : консультация и наблюдение эндокринолога. Справа категория TI-RADS -2 Слева категория TI-RADS -2 Данное заключение не является окончательным диагнозом и требует интерпретации лечащим врачом. "" Пациент имеет возможность получить бесплатную онлайн консультацию или мнение профильного специалиста "" .";;
протоколы щитовидная железа/щитовидка (8).docx;протоколы щитовидная железа;1;"Изменения шейки матки (кисты, эндоцервикоз) [negated]; Узловое образование щитовидной железы [trigger]";Щитовидная железа не увеличена, с ровным контуром, нормальной эхогенности, структура однородная, кистозных образований не выявлено, капсула железы прослеживается на всём протяжении. | В нижнем полюсе левой доли ближе к перешейку губчатый узел 3,3х2,3 мм, при ЦДК - аваскулярный.;Заключение: Уз-признаки мелкого губчатого узла левой доли щитовидной железы. Правая доля TI-RADS 1. Левая доля TI-RADS 2. Данное заключение не является диагнозом, требует клинической и лабораторной верификации. Рекомендовано: консультация эндокринолога.;;
протоколы щитовидная железа/щитовидка (9).docx;протоколы щитовидная железа;1;"Узловое образование щитовидной железы [trigger]; Диффузные изменения щитовидной железы (АИТ, зоб) [trigger]; Диффузные изменения щитовидной железы (АИТ, зоб) [trigger]";Диффузные изменения: ан-гипоэхогенные включения, с нечеткими контурами, тонкая линейная гиперэхогенная исчерченность, псевдоузлы (по типу АИТ) | Диффузные изменения: ан-гипоэхогенные включения, с нечеткими контурами, тонкая линейная гиперэхогенная исчерченность, псевдоузлы (по типу АИТ) | Заключение : Эхо признаки увеличения и диффузных изменений ЩЖ по типу АИТ (признаки диффузного зоба).;Заключение : Эхо признаки увеличения и диффузных изменений ЩЖ по типу АИТ (признаки диффузного зоба). Уважаемые пациенты! Данное заключение по результатам исследования не является диагнозом и требует интерпретации лечащим врачом. Сохраняйте протоколы исследований и предоставляйте их при обращениях в медицинские организации;;
